{"assets/font/Lemon-Regular.ttf":["assets/font/Lemon-Regular.ttf"],"assets/image/bg.png":["assets/image/bg.png"],"assets/image/card_bg.png":["assets/image/card_bg.png"],"assets/image/doc.png":["assets/image/doc.png"],"assets/image/folder.png":["assets/image/folder.png"],"assets/image/folder2.png":["assets/image/folder2.png"],"assets/image/fondo_leyes.png":["assets/image/fondo_leyes.png"],"assets/image/icono.png":["assets/image/icono.png"],"assets/image/imagen.png":["assets/image/imagen.png"],"assets/image/login-bg.jpg":["assets/image/login-bg.jpg"],"assets/image/logo_hd.png":["assets/image/logo_hd.png"],"assets/image/mastercard.png":["assets/image/mastercard.png"],"assets/image/palabra.png":["assets/image/palabra.png"],"assets/image/pdf.png":["assets/image/pdf.png"],"assets/image/powerpoint.png":["assets/image/powerpoint.png"],"assets/image/round.png":["assets/image/round.png"],"assets/image/splash.png":["assets/image/splash.png"],"assets/image/under_const.png":["assets/image/under_const.png"],"assets/image/zip.png":["assets/image/zip.png"],"packages/cupertino_icons/assets/CupertinoIcons.ttf":["packages/cupertino_icons/assets/CupertinoIcons.ttf"],"packages/flutter_credit_card/font/halter.ttf":["packages/flutter_credit_card/font/halter.ttf"],"packages/flutter_credit_card/icons/amex.png":["packages/flutter_credit_card/icons/amex.png"],"packages/flutter_credit_card/icons/chip.png":["packages/flutter_credit_card/icons/chip.png"],"packages/flutter_credit_card/icons/discover.png":["packages/flutter_credit_card/icons/discover.png"],"packages/flutter_credit_card/icons/mastercard.png":["packages/flutter_credit_card/icons/mastercard.png"],"packages/flutter_credit_card/icons/visa.png":["packages/flutter_credit_card/icons/visa.png"]}